CustomerID,Name,Email,Age,Gender,Address
1,Liam Johnson,liam.johnson@example.com,83,Male,"123 Main St, Cityville, USA"
2,Olivia Smith,olivia.smith@example.com,82,Female,"456 Oak St, Townsville, USA"
3,Noah Davis,noah.davis@example.com,72,Male,"789 Pine St, Villagetown, USA"
4,Emma Taylor,emma.taylor@example.com,34,Female,"234 Maple Ave, Hamletsville, USA"
5,Jackson Wilson,jackson.wilson@example.com,29,Male,"567 Elm St, Riverside, USA"
6,Sophia Brown,sophia.brown@example.com,99,Female,"890 Cedar Ln, Mountainview, USA"
7,Aiden Miller,aiden.miller@example.com,97,Male,"345 Birch Rd, Lakeside, USA"
8,Ava Anderson,ava.anderson@example.com,38,Female,"678 Pine St, Hilltop, USA"
9,Lucas Moore,lucas.moore@example.com,36,Male,"901 Oak Dr, Seaview, USA"
10,Isabella Thompson,isabella.thompson@example.com,76,Female,"123 Spruce Blvd, Valleytown, USA"
11,Mason White,mason.white@example.com,62,Male,"456 Cedar St, Countryside, USA"
12,Harper Harris,harper.harris@example.com,25,Female,"789 Birch Ln, Meadowville, USA"
13,Ethan Martin,ethan.martin@example.com,55,Male,"234 Maple Rd, Brookside, USA"
14,Amelia Jackson,amelia.jackson@example.com,87,Female,"567 Elm Dr, Highland, USA"
15,Logan Hall,logan.hall@example.com,43,Male,"890 Pine Ave, Hillside, USA"
16,Mia Clark,mia.clark@example.com,100,Female,"123 Birch Blvd, Lakeshore, USA"
17,Caden Turner,caden.turner@example.com,27,Male,"456 Cedar Rd, Riverside, USA"
18,Ella Adams,ella.adams@example.com,37,Female,"789 Maple Ln, Mountainview, USA"
19,Oliver Scott,oliver.scott@example.com,31,Male,"234 Spruce St, Countryside, USA"
20,Abigail Nelson,abigail.nelson@example.com,50,Female,"567 Oak Dr, Valleytown, USA"
21,Elijah Young,elijah.young@example.com,66,Male,"890 Birch Ave, Brookside, USA"
22,Grace Martinez,grace.martinez@example.com,74,Female,"123 Elm Blvd, Meadowville, USA"
23,Carter Garcia,carter.garcia@example.com,61,Male,"456 Maple Rd, Lakeshore, USA"
24,Lily Robinson,lily.robinson@example.com,67,Female,"789 Cedar Blvd, Hillside, USA"
25,Sebastian Wright,sebastian.wright@example.com,24,Male,"234 Pine Dr, Seaview, USA"
26,Scarlett Walker,scarlett.walker@example.com,61,Female,"567 Birch St, Countryside, USA"
27,Grayson Perez,grayson.perez@example.com,68,Male,"890 Elm Ave, Highland, USA"
28,Zoey Cooper,zoey.cooper@example.com,20,Female,"123 Spruce Rd, Riverside, USA"
29,Benjamin Lee,benjamin.lee@example.com,24,Male,"456 Cedar Ln, Mountainview, USA"
30,Chloe Lewis,chloe.lewis@example.com,54,Female,"789 Oak Blvd, Hilltop, USA"
31,Wyatt King,wyatt.king@example.com,74,Male,"234 Birch Ave, Valleytown, USA"
32,Addison Hill,addison.hill@example.com,91,Female,"567 Pine St, Lakeshore, USA"
33,Henry Hayes,henry.hayes@example.com,46,Male,"890 Elm Blvd, Brookside, USA"
34,Aubrey Baker,aubrey.baker@example.com,81,Female,"123 Cedar Rd, Meadowville, USA"
35,Julian Ward,julian.ward@example.com,82,Male,"456 Maple Blvd, Riverside, USA"
36,Layla Reed,layla.reed@example.com,71,Female,"789 Spruce Ave, Countryside, USA"
37,Michael Taylor,michael.taylor@example.com,79,Male,"234 Oak Ln, Highland, USA"
38,Emily Ward,emily.ward@example.com,32,Female,"567 Cedar Rd, Hillside, USA"
39,Samuel Murphy,samuel.murphy@example.com,62,Male,"890 Birch St, Seaview, USA"
40,Penelope Foster,penelope.foster@example.com,82,Female,"123 Elm Blvd, Valleytown, USA"
41,Owen Brooks,owen.brooks@example.com,66,Male,"456 Pine Rd, Brookside, USA"
42,Riley Russell,riley.russell@example.com,46,Female,"789 Spruce Dr, Countryside, USA"
43,Daniel Bell,daniel.bell@example.com,19,Male,"234 Cedar Blvd, Hilltop, USA"
44,Aria Coleman,aria.coleman@example.com,34,Female,"567 Elm Ln, Mountainview, USA"
45,Jack Turner,jack.turner@example.com,73,Male,"890 Oak Ave, Lakeside, USA"
46,Serenity Bennett,serenity.bennett@example.com,73,Female,"123 Birch Rd, Riverside, USA"
47,Leo Wright,leo.wright@example.com,78,Male,"456 Spruce Blvd, Highland, USA"
48,Zoey Ramirez,zoey.ramirez@example.com,64,Female,"789 Cedar Ln, Brookside, USA"
49,Caleb Peterson,caleb.peterson@example.com,96,Male,"234 Oak Dr, Valleytown, USA"
50,Victoria Evans,victoria.evans@example.com,71,Female,"567 Pine Blvd, Meadowville, USA"
51,Isaac Phillips,isaac.phillips@example.com,41,Male,"890 Elm Ave, Hillside, USA"
52,Hazel Stewart,hazel.stewart@example.com,48,Female,"123 Spruce Rd, Seaview, USA"
53,Gabriel Flores,gabriel.flores@example.com,93,Male,"456 Birch Blvd, Countryside, USA"
54,Brooklyn Rogers,brooklyn.rogers@example.com,86,Female,"789 Maple Ln, Riverside, USA"
55,Lincoln Morgan,lincoln.morgan@example.com,95,Male,"234 Cedar Rd, Brookside, USA"
56,Aurora Price,aurora.price@example.com,27,Female,"567 Elm St, Lakeside, USA"
57,Matthew Coleman,matthew.coleman@example.com,35,Male,"890 Pine Dr, Highland, USA"
58,Stella Mitchell,stella.mitchell@example.com,68,Female,"123 Oak Ave, Hilltop, USA"
59,Joseph Reed,joseph.reed@example.com,28,Male,"456 Birch Blvd, Countryside, USA"
60,Peyton Morris,peyton.morris@example.com,74,Female,"789 Spruce Rd, Mountainview, USA"
61,David Wood,david.wood@example.com,59,Male,"234 Cedar Dr, Valleytown, USA"
62,Ellie Foster,ellie.foster@example.com,100,Female,"567 Elm Blvd, Riverside, USA"
63,Alexander Sanders,alexander.sanders@example.com,21,Male,"890 Oak Rd, Brookside, USA"
64,Scarlett Bell,scarlett.bell@example.com,63,Female,"123 Pine Ln, Meadowville, USA"
65,Daniel Watson,daniel.watson@example.com,53,Male,"456 Spruce Blvd, Lakeside, USA"
66,Hannah Perry,hannah.perry@example.com,67,Female,"789 Birch Ave, Seaview, USA"
67,Ryan Turner,ryan.turner@example.com,49,Male,"234 Cedar Blvd, Countryside, USA"
68,Grace Bennett,grace.bennett@example.com,94,Female,"567 Elm Rd, Highland, USA"
69,Gabriel James,gabriel.james@example.com,31,Male,"890 Pine St, Hillside, USA"
70,Lucy Adams,lucy.adams@example.com,24,Female,"123 Oak Ln, Valleytown, USA"
71,Nathan Martinez,nathan.martinez@example.com,82,Male,"456 Birch Dr, Brookside, USA"
72,Addison Fisher,addison.fisher@example.com,31,Female,"789 Cedar Rd, Riverside, USA"
73,Andrew Hill,andrew.hill@example.com,61,Male,"234 Maple Blvd, Mountainview, USA"
74,Eva Cox,eva.cox@example.com,91,Female,"567 Elm St, Hilltop, USA"
75,Dylan Stewart,dylan.stewart@example.com,65,Male,"890 Cedar Ave, Lakeside, USA"
76,Leah Turner,leah.turner@example.com,79,Female,"123 Birch Rd, Countryside, USA"
77,Anthony Griffin,anthony.griffin@example.com,76,Male,"456 Oak Blvd, Highland, USA"
78,Aaliyah Wright,aaliyah.wright@example.com,38,Female,"789 Pine Ln, Seaview, USA"
79,Christopher Murphy,christopher.murphy@example.com,57,Male,"234 Spruce Ave, Valleytown, USA"
80,Savannah Howard,savannah.howard@example.com,63,Female,"567 Maple Rd, Riverside, USA"
81,Dominic Garcia,dominic.garcia@example.com,34,Male,"890 Birch Blvd, Brookside, USA"
82,Harper Hayes,harper.hayes@example.com,61,Female,"123 Cedar St, Meadowville, USA"
83,Isaac Rivera,isaac.rivera@example.com,38,Male,"456 Elm Ln, Lakeshore, USA"
84,Elizabeth Young,elizabeth.young@example.com,69,Female,"789 Pine Blvd, Hilltop, USA"
85,Nicholas Watson,nicholas.watson@example.com,18,Male,"234 Oak Rd, Mountainview, USA"
86,Zoey Smith,zoey.smith@example.com,92,Female,"567 Cedar Ave, Valleytown, USA"
87,Caleb Reed,caleb.reed@example.com,21,Male,"890 Spruce Blvd, Countryside, USA"
88,Layla Robinson,layla.robinson@example.com,90,Female,"123 Birch Ln, Highland, USA"
89,Brandon Bennett,brandon.bennett@example.com,35,Male,"456 Elm Rd, Riverside, USA"
90,Madelyn King,madelyn.king@example.com,28,Female,"789 Maple Blvd, Hillside, USA"
91,Jordan Sanders,jordan.sanders@example.com,61,Male,"234 Cedar St, Seaview, USA"
92,Piper Nelson,piper.nelson@example.com,64,Female,"567 Pine Rd, Countryside, USA"
93,Levi Turner,levi.turner@example.com,90,Male,"890 Spruce Ln, Valleytown, USA"
94,Bella Scott,bella.scott@example.com,75,Female,"123 Cedar Ave, Brookside, USA"
95,Hudson Phillips,hudson.phillips@example.com,65,Male,"456 Oak Blvd, Highland, USA"
96,Clara Ward,clara.ward@example.com,93,Female,"789 Elm St, Hilltop, USA"
97,Caleb Turner,caleb.turner@example.com,62,Male,"234 Pine Blvd, Lakeshore, USA"
98,Grace Nelson,grace.nelson@example.com,32,Female,"567 Cedar Ln, Riverside, USA"
99,Jordan Powell,jordan.powell@example.com,46,Male,"890 Spruce Rd, Mountainview, USA"
100,Lily White,lily.white@example.com,31,Female,"890 Dennis Rd, Lakeview, USA"
